sample_id	participant_id	sample_type
sample-0001	sub-nyuMouse07	tissue
sample-0002	sub-nyuMouse07	tissue
sample-0003	sub-nyuMouse07	tissue
sample-0004	sub-nyuMouse07	tissue
sample-0005	sub-nyuMouse07	tissue
sample-0006	sub-nyuMouse07	tissue
sample-0007	sub-nyuMouse07	tissue
sample-0008	sub-nyuMouse07	tissue
sample-0001	sub-nyuMouse09	tissue
sample-0002	sub-nyuMouse09	tissue
sample-0003	sub-nyuMouse09	tissue
sample-0004	sub-nyuMouse09	tissue
sample-0005	sub-nyuMouse09	tissue
sample-0006	sub-nyuMouse09	tissue
sample-0007	sub-nyuMouse09	tissue
sample-0008	sub-nyuMouse09	tissue
sample-0001	sub-nyuMouse10	tissue
sample-0002	sub-nyuMouse10	tissue
sample-0003	sub-nyuMouse10	tissue
sample-0004	sub-nyuMouse10	tissue
sample-0005	sub-nyuMouse10	tissue
sample-0006	sub-nyuMouse10	tissue
sample-0007	sub-nyuMouse10	tissue
sample-0008	sub-nyuMouse10	tissue
sample-0001	sub-nyuMouse11	tissue
sample-0002	sub-nyuMouse11	tissue
sample-0003	sub-nyuMouse11	tissue
sample-0004	sub-nyuMouse11	tissue
sample-0005	sub-nyuMouse11	tissue
sample-0006	sub-nyuMouse11	tissue
sample-0007	sub-nyuMouse11	tissue
sample-0008	sub-nyuMouse11	tissue
sample-0002	sub-nyuMouse12	tissue
sample-0003	sub-nyuMouse12	tissue
sample-0004	sub-nyuMouse12	tissue
sample-0005	sub-nyuMouse12	tissue
sample-0008	sub-nyuMouse12	tissue
sample-0009	sub-nyuMouse12	tissue
sample-0010	sub-nyuMouse12	tissue
sample-0011	sub-nyuMouse12	tissue
sample-0001	sub-nyuMouse13	tissue
sample-0002	sub-nyuMouse13	tissue
sample-0003	sub-nyuMouse13	tissue
sample-0004	sub-nyuMouse13	tissue
sample-0005	sub-nyuMouse13	tissue
sample-0006	sub-nyuMouse13	tissue
sample-0007	sub-nyuMouse13	tissue
sample-0008	sub-nyuMouse13	tissue
sample-0001	sub-nyuMouse14	tissue
sample-0002	sub-nyuMouse14	tissue
sample-0003	sub-nyuMouse14	tissue
sample-0004	sub-nyuMouse14	tissue
sample-0005	sub-nyuMouse14	tissue
sample-0006	sub-nyuMouse14	tissue
sample-0007	sub-nyuMouse14	tissue
sample-0008	sub-nyuMouse14	tissue
sample-0001	sub-nyuMouse15	tissue
sample-0002	sub-nyuMouse15	tissue
sample-0003	sub-nyuMouse15	tissue
sample-0004	sub-nyuMouse15	tissue
sample-0005	sub-nyuMouse15	tissue
sample-0006	sub-nyuMouse15	tissue
sample-0007	sub-nyuMouse15	tissue
sample-0008	sub-nyuMouse15	tissue
sample-0001	sub-nyuMouse25	tissue
sample-0003	sub-nyuMouse25	tissue
sample-0004	sub-nyuMouse25	tissue
sample-0005	sub-nyuMouse25	tissue
sample-0006	sub-nyuMouse25	tissue
sample-0008	sub-nyuMouse25	tissue
sample-0001	sub-nyuMouse26	tissue
sample-0002	sub-nyuMouse26	tissue
sample-0003	sub-nyuMouse26	tissue
sample-0004	sub-nyuMouse26	tissue
sample-0005	sub-nyuMouse26	tissue
sample-0006	sub-nyuMouse26	tissue
sample-0007	sub-nyuMouse26	tissue
sample-0008	sub-nyuMouse26	tissue
sample-0001	sub-nyuMouse27	tissue
sample-0002	sub-nyuMouse27	tissue
sample-0003	sub-nyuMouse27	tissue
sample-0004	sub-nyuMouse27	tissue
sample-0005	sub-nyuMouse27	tissue
sample-0006	sub-nyuMouse27	tissue
sample-0007	sub-nyuMouse27	tissue
sample-0008	sub-nyuMouse27	tissue
sample-0001	sub-nyuMouse28	tissue
sample-0002	sub-nyuMouse28	tissue
sample-0003	sub-nyuMouse28	tissue
sample-0004	sub-nyuMouse28	tissue
sample-0005	sub-nyuMouse28	tissue
sample-0006	sub-nyuMouse28	tissue
sample-0008	sub-nyuMouse28	tissue
sample-0009	sub-nyuMouse28	tissue
sample-0001	sub-nyuMouse29	tissue
sample-0002	sub-nyuMouse29	tissue
sample-0003	sub-nyuMouse29	tissue
sample-0004	sub-nyuMouse29	tissue
sample-0005	sub-nyuMouse29	tissue
sample-0006	sub-nyuMouse29	tissue
sample-0007	sub-nyuMouse29	tissue
sample-0009	sub-nyuMouse29	tissue
sample-0001	sub-nyuMouse30	tissue
sample-0002	sub-nyuMouse30	tissue
sample-0003	sub-nyuMouse30	tissue
sample-0004	sub-nyuMouse30	tissue
sample-0005	sub-nyuMouse30	tissue
sample-0006	sub-nyuMouse30	tissue
sample-0008	sub-nyuMouse30	tissue
sample-0009	sub-nyuMouse30	tissue
sample-0001	sub-nyuMouse31	tissue
sample-0002	sub-nyuMouse31	tissue
sample-0003	sub-nyuMouse31	tissue
sample-0004	sub-nyuMouse31	tissue
sample-0005	sub-nyuMouse31	tissue
sample-0006	sub-nyuMouse31	tissue
sample-0007	sub-nyuMouse31	tissue
sample-0009	sub-nyuMouse31	tissue
sample-0001	sub-nyuMouse32	tissue
sample-0002	sub-nyuMouse32	tissue
sample-0003	sub-nyuMouse32	tissue
sample-0004	sub-nyuMouse32	tissue
sample-0005	sub-nyuMouse32	tissue
sample-0006	sub-nyuMouse32	tissue
sample-0007	sub-nyuMouse32	tissue
sample-0009	sub-nyuMouse32	tissue
sample-0001	sub-nyuMouse33	tissue
sample-0002	sub-nyuMouse33	tissue
sample-0003	sub-nyuMouse33	tissue
sample-0004	sub-nyuMouse33	tissue
sample-0005	sub-nyuMouse33	tissue
sample-0006	sub-nyuMouse33	tissue
sample-0008	sub-nyuMouse33	tissue
sample-0009	sub-nyuMouse33	tissue
sample-0001	sub-nyuMouse34	tissue
sample-0002	sub-nyuMouse34	tissue
sample-0003	sub-nyuMouse34	tissue
sample-0004	sub-nyuMouse34	tissue
sample-0005	sub-nyuMouse34	tissue
sample-0006	sub-nyuMouse34	tissue
sample-0008	sub-nyuMouse34	tissue
sample-0009	sub-nyuMouse34	tissue
sample-0001	sub-nyuMouse35	tissue
sample-0002	sub-nyuMouse35	tissue
sample-0003	sub-nyuMouse35	tissue
sample-0004	sub-nyuMouse35	tissue
sample-0005	sub-nyuMouse35	tissue
sample-0006	sub-nyuMouse35	tissue
sample-0007	sub-nyuMouse35	tissue
sample-0009	sub-nyuMouse35	tissue
sample-0001	sub-nyuMouse36	tissue
sample-0002	sub-nyuMouse36	tissue
sample-0003	sub-nyuMouse36	tissue
sample-0004	sub-nyuMouse36	tissue
sample-0005	sub-nyuMouse36	tissue
sample-0006	sub-nyuMouse36	tissue
sample-0007	sub-nyuMouse36	tissue
sample-0008	sub-nyuMouse36	tissue
